,MOVE_COUNT,LAST_100_MOVES
count,1000.0,100.0
mean,10.422,5.36
std,27.132897193446006,0.8470984344075708
min,5.0,5.0
25%,5.0,5.0
50%,5.0,5.0
75%,6.0,5.0
max,500.0,9.0
no_min_moves,727.0,83.0
