pid=60,pid=84,pid=89,pid=57,pid=77,pid=63,pid=87,pid=79,pid=59,pid=74,pid=54,pid=58,pid=78,pid=55,pid=75,pid=86,pid=62,pid=76,pid=56,pid=85,pid=61,pid=88,pid=50,pid=70,pid=67,pid=83,pid=73,pid=53,pid=69,pid=64,pid=80,pid=68,pid=81,pid=65,pid=52,pid=72,pid=82,pid=66,pid=71,pid=51
100.0,100.0,100.0,100.0,100.0,100.0,100.0,100.0,100.0,100.0,100.0,100.0,100.0,100.0,100.0,100.0,100.0,100.0,100.0,100.0,100.0,100.0,100.0,100.0,100.0,100.0,100.0,100.0,100.0,100.0,100.0,100.0,100.0,100.0,100.0,100.0,100.0,100.0,100.0,100.0
5.36,5.21,5.23,5.26,5.36,5.33,5.3,5.28,5.33,5.45,5.18,5.28,5.32,5.35,5.26,5.35,5.34,5.19,5.33,5.14,5.35,5.48,5.36,5.21,5.33,5.28,5.49,5.38,5.29,5.39,5.42,6.27,5.46,5.27,5.31,5.3,5.29,5.19,5.27,5.26
0.9376523445243014,0.6711214796175432,0.6644660649838723,0.7333333333333333,0.8470984344075708,0.9954949025535494,0.7977240352174657,0.7923880286064322,0.9540450828980884,1.131504763712036,0.5574110428643038,0.8174856746652067,0.8975837374064695,1.0187633620614691,0.7469804535460068,0.94681816969503,0.8192137151629671,0.5630903187506487,0.8294454761946669,0.5321957564959752,0.8211226608993473,1.0394248603934968,0.8589399151150083,0.5910955416799719,0.8768054965543264,0.7923880286064322,1.1054959123041623,1.0227710428344194,0.8680059581790575,0.8864296789692773,0.8666666666666668,0.7634980634744878,1.0290723487636324,0.8859737552261324,0.8491826135237996,0.8468599159080074,0.8680059581790573,0.6465916857498311,0.7365631354644708,0.6608840115842392
5.0,5.0,5.0,5.0,5.0,5.0,5.0,5.0,5.0,5.0,5.0,5.0,5.0,5.0,5.0,5.0,5.0,5.0,5.0,5.0,5.0,5.0,5.0,5.0,5.0,5.0,5.0,5.0,5.0,5.0,5.0,6.0,5.0,5.0,5.0,5.0,5.0,5.0,5.0,5.0
5.0,5.0,5.0,5.0,5.0,5.0,5.0,5.0,5.0,5.0,5.0,5.0,5.0,5.0,5.0,5.0,5.0,5.0,5.0,5.0,5.0,5.0,5.0,5.0,5.0,5.0,5.0,5.0,5.0,5.0,5.0,6.0,5.0,5.0,5.0,5.0,5.0,5.0,5.0,5.0
5.0,5.0,5.0,5.0,5.0,5.0,5.0,5.0,5.0,5.0,5.0,5.0,5.0,5.0,5.0,5.0,5.0,5.0,5.0,5.0,5.0,5.0,5.0,5.0,5.0,5.0,5.0,5.0,5.0,5.0,5.0,6.0,5.0,5.0,5.0,5.0,5.0,5.0,5.0,5.0
5.0,5.0,5.0,5.0,5.0,5.0,5.0,5.0,5.0,5.0,5.0,5.0,5.0,5.0,5.0,5.0,5.0,5.0,5.0,5.0,5.0,5.0,5.0,5.0,5.0,5.0,5.0,5.0,5.0,5.0,5.0,6.0,5.0,5.0,5.0,5.0,5.0,5.0,5.0,5.0
10.0,9.0,9.0,9.0,9.0,9.0,9.0,9.0,11.0,12.0,7.0,10.0,11.0,11.0,9.0,9.0,9.0,7.0,9.0,8.0,9.0,9.0,9.0,8.0,9.0,9.0,11.0,10.0,11.0,10.0,9.0,10.0,10.0,11.0,10.0,10.0,9.0,9.0,8.0,7.0
85.0,89.0,87.0,87.0,83.0,89.0,86.0,88.0,86.0,81.0,90.0,87.0,86.0,86.0,88.0,85.0,83.0,89.0,84.0,93.0,83.0,79.0,83.0,87.0,86.0,88.0,80.0,86.0,87.0,80.0,77.0,0.0,80.0,89.0,86.0,87.0,89.0,91.0,87.0,86.0
