,MOVE_COUNT,LAST_100_MOVES
count,1000.0,100.0
mean,14.332,6.28
std,27.60717174815146,0.7258572083190239
min,6.0,6.0
25%,6.0,6.0
50%,6.0,6.0
75%,8.0,6.0
max,253.0,10.0
no_min_moves,680.0,85.0
