pid=69,pid=80,pid=64,pid=73,pid=53,pid=83,pid=67,pid=50,pid=70,pid=71,pid=51,pid=66,pid=82,pid=52,pid=72,pid=68,pid=65,pid=81,pid=79,pid=59,pid=74,pid=54,pid=87,pid=63,pid=57,pid=77,pid=84,pid=60,pid=89,pid=61,pid=85,pid=88,pid=76,pid=56,pid=62,pid=86,pid=58,pid=78,pid=55,pid=75
100.0,100.0,100.0,100.0,100.0,100.0,100.0,100.0,100.0,100.0,100.0,100.0,100.0,100.0,100.0,100.0,100.0,100.0,100.0,100.0,100.0,100.0,100.0,100.0,100.0,100.0,100.0,100.0,100.0,100.0,100.0,100.0,100.0,100.0,100.0,100.0,100.0,100.0,100.0,100.0
6.52,6.37,8.81,6.57,6.33,7.45,6.29,6.36,6.52,6.47,6.52,6.41,6.42,6.74,6.63,6.27,6.48,6.37,6.45,6.46,6.36,6.57,6.43,6.28,6.54,6.39,6.48,6.41,6.39,6.4,6.43,6.62,6.36,6.43,6.53,7.56,6.28,6.39,7.51,6.61
0.8930709700666332,0.8487066809581683,1.5485085688748346,1.017572869849892,0.9217352980091192,0.8333333333333335,0.9459643147859674,0.8105366721929964,1.058682237882586,0.989388138643722,1.1144596008919307,1.0550025132815102,0.9447355463436594,1.3678856352455457,1.3,0.7895146188218007,0.9793834382875376,0.8950481054731702,1.1135075167680684,1.048519880304584,0.8105366721929964,1.3352637540685708,1.0848357879737776,0.7258572083190239,1.1229470606444905,0.7771353768420235,0.9896433394884944,0.8656754238130705,0.9628975631767471,0.9534625892455924,0.912926253009707,1.1171753703339542,1.0102504939895156,0.9873441572463396,1.067944310582275,1.1487366798339642,0.6974701760395541,0.9308950835436056,1.0963207522979723,1.3172898410192515
6.0,6.0,7.0,6.0,6.0,7.0,6.0,6.0,6.0,6.0,6.0,6.0,6.0,6.0,6.0,6.0,6.0,6.0,6.0,6.0,6.0,6.0,6.0,6.0,6.0,6.0,6.0,6.0,6.0,6.0,6.0,6.0,6.0,6.0,6.0,7.0,6.0,6.0,7.0,6.0
6.0,6.0,8.0,6.0,6.0,7.0,6.0,6.0,6.0,6.0,6.0,6.0,6.0,6.0,6.0,6.0,6.0,6.0,6.0,6.0,6.0,6.0,6.0,6.0,6.0,6.0,6.0,6.0,6.0,6.0,6.0,6.0,6.0,6.0,6.0,7.0,6.0,6.0,7.0,6.0
6.0,6.0,8.0,6.0,6.0,7.0,6.0,6.0,6.0,6.0,6.0,6.0,6.0,6.0,6.0,6.0,6.0,6.0,6.0,6.0,6.0,6.0,6.0,6.0,6.0,6.0,6.0,6.0,6.0,6.0,6.0,6.0,6.0,6.0,6.0,7.0,6.0,6.0,7.0,6.0
7.0,6.0,10.0,7.25,6.0,8.0,6.0,6.0,6.0,6.0,6.0,6.0,6.0,7.25,6.0,6.0,6.0,6.0,6.0,6.0,6.0,6.0,6.0,6.0,6.0,6.0,6.0,6.0,6.0,6.0,6.0,7.25,6.0,6.0,6.0,7.0,6.0,6.0,7.0,6.0
9.0,10.0,16.0,10.0,12.0,11.0,12.0,9.0,11.0,12.0,12.0,12.0,10.0,11.0,13.0,11.0,10.0,11.0,12.0,11.0,10.0,12.0,12.0,10.0,13.0,8.0,10.0,9.0,11.0,11.0,10.0,11.0,12.0,10.0,10.0,14.0,9.0,12.0,11.0,14.0
73.0,82.0,0.0,74.0,85.0,0.0,89.0,83.0,76.0,78.0,78.0,83.0,81.0,72.0,76.0,87.0,78.0,82.0,83.0,81.0,82.0,82.0,82.0,85.0,76.0,79.0,79.0,81.0,83.0,82.0,80.0,73.0,86.0,82.0,77.0,0.0,85.0,82.0,0.0,78.0
