,MOVE_COUNT,LAST_100_MOVES
count,1000.0,100.0
mean,12.107,6.39
std,30.051133449865443,1.0039819709436013
min,6.0,6.0
25%,6.0,6.0
50%,6.0,6.0
75%,8.0,6.0
max,472.0,10.0
no_min_moves,700.0,85.0
