,MOVE_COUNT,LAST_100_MOVES
count,1000.0,100.0
mean,12.406,6.41
std,26.052829288081433,1.0926291154085102
min,6.0,6.0
25%,6.0,6.0
50%,6.0,6.0
75%,8.0,6.0
max,344.0,12.0
no_min_moves,694.0,83.0
