,MOVE_COUNT,LAST_100_MOVES
count,1000.0,100.0
mean,13.327,6.47
std,28.64277359962683,1.0584436831041273
min,6.0,6.0
25%,6.0,6.0
50%,6.0,6.0
75%,8.0,6.0
max,474.0,11.0
no_min_moves,677.0,79.0
