,MOVE_COUNT,LAST_100_MOVES
count,1000.0,100.0
mean,8.241,5.39
std,21.33649842793248,0.8977525248973661
min,5.0,5.0
25%,5.0,5.0
50%,5.0,5.0
75%,6.0,5.0
max,500.0,9.0
no_min_moves,705.0,81.0
