pid=53,pid=73,pid=69,pid=64,pid=80,pid=70,pid=50,pid=67,pid=83,pid=82,pid=66,pid=51,pid=71,pid=68,pid=81,pid=65,pid=72,pid=52,pid=63,pid=87,pid=59,pid=79,pid=54,pid=74,pid=60,pid=84,pid=89,pid=77,pid=57,pid=56,pid=76,pid=85,pid=61,pid=88,pid=78,pid=58,pid=75,pid=55,pid=86,pid=62
100.0,100.0,100.0,100.0,100.0,100.0,100.0,100.0,100.0,100.0,100.0,100.0,100.0,100.0,100.0,100.0,100.0,100.0,100.0,100.0,100.0,100.0,100.0,100.0,100.0,100.0,100.0,100.0,100.0,100.0,100.0,100.0,100.0,100.0,100.0,100.0,100.0,100.0,100.0,100.0
5.43,5.37,5.17,5.56,5.26,5.39,5.29,5.32,5.29,5.3,5.27,5.28,5.21,5.2,5.38,5.29,5.36,5.35,5.5,5.39,5.33,5.45,5.41,5.33,5.49,5.36,5.26,5.24,5.38,5.35,5.21,5.49,5.34,5.34,5.23,5.3,5.23,6.32,5.36,5.37
0.9239244361073926,0.8950481054731699,0.6365151334819269,1.2738234817376632,0.7052472881009451,0.8977525248973661,0.7425726505966547,0.851380340886777,0.7692971999287282,0.6741998624632421,0.7766152928775696,0.7118052168020875,0.6403124237432849,0.6356417261637282,0.8964576753178947,0.7425726505966547,0.8935232724354963,0.8087276451565163,0.9587449708822046,0.8274946977156259,0.7528397417562895,0.9360890055238478,0.8420153793072302,0.7393007889659368,0.9691712590109808,0.8706203523808743,0.6759953379792621,0.6980492298346354,0.9721370814090498,0.9252354327740622,0.5910955416799719,0.9897964284119082,0.855404683011013,0.768311805390904,0.6794977348874474,0.7977240352174657,0.6490863820117715,2.967432655622797,0.8229044398784813,0.8950481054731699
5.0,5.0,5.0,5.0,5.0,5.0,5.0,5.0,5.0,5.0,5.0,5.0,5.0,5.0,5.0,5.0,5.0,5.0,5.0,5.0,5.0,5.0,5.0,5.0,5.0,5.0,5.0,5.0,5.0,5.0,5.0,5.0,5.0,5.0,5.0,5.0,5.0,5.0,5.0,5.0
5.0,5.0,5.0,5.0,5.0,5.0,5.0,5.0,5.0,5.0,5.0,5.0,5.0,5.0,5.0,5.0,5.0,5.0,5.0,5.0,5.0,5.0,5.0,5.0,5.0,5.0,5.0,5.0,5.0,5.0,5.0,5.0,5.0,5.0,5.0,5.0,5.0,5.0,5.0,5.0
5.0,5.0,5.0,5.0,5.0,5.0,5.0,5.0,5.0,5.0,5.0,5.0,5.0,5.0,5.0,5.0,5.0,5.0,5.0,5.0,5.0,5.0,5.0,5.0,5.0,5.0,5.0,5.0,5.0,5.0,5.0,5.0,5.0,5.0,5.0,5.0,5.0,5.0,5.0,5.0
5.0,5.0,5.0,5.0,5.0,5.0,5.0,5.0,5.0,5.0,5.0,5.0,5.0,5.0,5.0,5.0,5.0,5.0,5.0,5.0,5.0,5.0,5.0,5.0,5.0,5.0,5.0,5.0,5.0,5.0,5.0,5.0,5.0,5.0,5.0,5.0,5.0,6.0,5.0,5.0
9.0,10.0,9.0,12.0,8.0,9.0,9.0,9.0,8.0,7.0,9.0,8.0,8.0,9.0,10.0,9.0,9.0,9.0,9.0,9.0,9.0,9.0,8.0,9.0,9.0,9.0,8.0,9.0,10.0,11.0,7.0,9.0,9.0,8.0,9.0,9.0,8.0,22.0,9.0,10.0
79.0,83.0,92.0,79.0,87.0,81.0,85.0,86.0,87.0,82.0,88.0,86.0,90.0,89.0,81.0,85.0,84.0,82.0,76.0,80.0,81.0,79.0,79.0,80.0,77.0,83.0,86.0,87.0,83.0,83.0,88.0,77.0,84.0,83.0,88.0,85.0,88.0,71.0,82.0,82.0
