pid=55,pid=75,pid=58,pid=78,pid=62,pid=86,pid=76,pid=56,pid=88,pid=61,pid=85,pid=89,pid=84,pid=60,pid=57,pid=77,pid=87,pid=63,pid=74,pid=54,pid=79,pid=59,pid=65,pid=81,pid=68,pid=52,pid=72,pid=66,pid=82,pid=71,pid=51,pid=50,pid=70,pid=83,pid=67,pid=73,pid=53,pid=80,pid=64,pid=69
100.0,100.0,100.0,100.0,100.0,100.0,100.0,100.0,100.0,100.0,100.0,100.0,100.0,100.0,100.0,100.0,100.0,100.0,100.0,100.0,100.0,100.0,100.0,100.0,100.0,100.0,100.0,100.0,100.0,100.0,100.0,100.0,100.0,100.0,100.0,100.0,100.0,100.0,100.0,100.0
4.3,4.29,4.2,4.27,4.38,4.14,4.38,4.37,4.27,4.27,4.31,4.21,4.23,4.25,4.19,4.21,4.26,4.21,4.21,4.3,4.27,4.32,4.38,4.08,4.26,4.18,4.28,4.44,4.23,4.2,4.19,4.17,4.23,4.31,4.14,4.3,4.18,4.35,4.1,4.29
0.7035264706814486,0.8077278269468264,0.6030226891555273,0.8391313449880264,0.9721370814090498,0.5128647999524856,1.1261806375012973,0.960376609629385,0.6794977348874474,0.7365631354644709,0.8609954304833046,0.6711214796175431,0.617178329908861,0.6571287406727709,0.6465916857498308,0.7288430017583493,0.7333333333333333,0.6558978733019495,0.6711214796175431,0.7177405625652735,0.7895146188218007,0.9415225151129668,0.9404490653110591,0.3673547263197997,0.660884011584239,0.5574110428643039,0.8770934552788144,0.9673456340716984,0.6333333333333333,0.6030226891555273,0.5630903187506486,0.667499479816693,0.6333333333333333,0.8001893715259097,0.5863773391242058,0.7849596270902193,0.5574110428643038,0.8453676505795953,0.4380858271151806,0.7005769628014332
4.0,4.0,4.0,4.0,4.0,4.0,4.0,4.0,4.0,4.0,4.0,4.0,4.0,4.0,4.0,4.0,4.0,4.0,4.0,4.0,4.0,4.0,4.0,4.0,4.0,4.0,4.0,4.0,4.0,4.0,4.0,4.0,4.0,4.0,4.0,4.0,4.0,4.0,4.0,4.0
4.0,4.0,4.0,4.0,4.0,4.0,4.0,4.0,4.0,4.0,4.0,4.0,4.0,4.0,4.0,4.0,4.0,4.0,4.0,4.0,4.0,4.0,4.0,4.0,4.0,4.0,4.0,4.0,4.0,4.0,4.0,4.0,4.0,4.0,4.0,4.0,4.0,4.0,4.0,4.0
4.0,4.0,4.0,4.0,4.0,4.0,4.0,4.0,4.0,4.0,4.0,4.0,4.0,4.0,4.0,4.0,4.0,4.0,4.0,4.0,4.0,4.0,4.0,4.0,4.0,4.0,4.0,4.0,4.0,4.0,4.0,4.0,4.0,4.0,4.0,4.0,4.0,4.0,4.0,4.0
4.0,4.0,4.0,4.0,4.0,4.0,4.0,4.0,4.0,4.0,4.0,4.0,4.0,4.0,4.0,4.0,4.0,4.0,4.0,4.0,4.0,4.0,4.0,4.0,4.0,4.0,4.0,4.0,4.0,4.0,4.0,4.0,4.0,4.0,4.0,4.0,4.0,4.0,4.0,4.0
6.0,8.0,6.0,10.0,8.0,6.0,12.0,10.0,6.0,8.0,8.0,8.0,6.0,6.0,8.0,8.0,8.0,8.0,8.0,6.0,8.0,10.0,8.0,6.0,6.0,6.0,10.0,8.0,6.0,6.0,6.0,8.0,6.0,8.0,8.0,8.0,6.0,9.0,6.0,6.0
84.0,87.0,90.0,88.0,85.0,93.0,86.0,83.0,86.0,87.0,86.0,90.0,87.0,87.0,91.0,91.0,88.0,89.0,90.0,85.0,88.0,87.0,84.0,95.0,86.0,90.0,88.0,81.0,88.0,90.0,89.0,93.0,88.0,86.0,94.0,86.0,90.0,83.0,95.0,85.0
