,MOVE_COUNT,LAST_100_MOVES
count,1000.0,100.0
mean,11.525,6.49
std,22.37207824241827,0.9691712590109808
min,6.0,6.0
25%,6.0,6.0
50%,6.0,6.0
75%,8.0,6.0
max,277.0,10.0
no_min_moves,673.0,77.0
