,MOVE_COUNT,LAST_100_MOVES
count,1000.0,100.0
mean,10.441,6.29
std,26.042210269401398,0.7148497051899098
min,6.0,6.0
25%,6.0,6.0
50%,6.0,6.0
75%,8.0,6.0
max,417.0,9.0
no_min_moves,689.0,84.0
