,MOVE_COUNT,LAST_100_MOVES
count,1000.0,100.0
mean,11.088,5.41
std,30.38910583998407,0.9221735413706251
min,5.0,5.0
25%,5.0,5.0
50%,5.0,5.0
75%,6.0,5.0
max,500.0,9.0
no_min_moves,732.0,81.0
