pid=82,pid=66,pid=51,pid=71,pid=81,pid=65,pid=68,pid=72,pid=52,pid=53,pid=73,pid=64,pid=80,pid=69,pid=70,pid=50,pid=67,pid=83,pid=56,pid=76,pid=88,pid=85,pid=61,pid=75,pid=55,pid=78,pid=58,pid=86,pid=62,pid=63,pid=87,pid=54,pid=74,pid=59,pid=79,pid=89,pid=60,pid=84,pid=77,pid=57
100.0,100.0,100.0,100.0,100.0,100.0,100.0,100.0,100.0,100.0,100.0,100.0,100.0,100.0,100.0,100.0,100.0,100.0,100.0,100.0,100.0,100.0,100.0,100.0,100.0,100.0,100.0,100.0,100.0,100.0,100.0,100.0,100.0,100.0,100.0,100.0,100.0,100.0,100.0,100.0
5.17,5.24,5.42,5.24,5.32,5.41,5.28,5.36,5.26,5.4,5.3,5.23,5.38,5.31,5.31,5.14,5.25,5.27,5.37,5.51,5.24,5.4,5.39,5.19,5.34,5.29,5.31,5.34,5.58,5.35,5.23,5.37,5.31,5.31,5.37,5.21,5.3,5.28,5.16,5.19
0.5328596381218923,0.6050294257807682,0.9009534792191946,0.6215003027051768,0.9307323064461804,0.9221735413706252,0.8050346626579554,0.9694317819207184,0.705247288100945,1.1009637651263606,0.8226589066968623,0.6644660649838723,0.907655432330124,0.9287223764534008,0.7745314647572362,0.550848748237067,0.7017294652672371,0.7895146188218007,0.9391055275735478,0.9586922911398156,0.6834257143762643,0.8164965809277259,0.8749603165604459,0.5630903187506487,0.8067893720848651,0.7692971999287281,0.8841477092189811,0.855404683011013,1.1386683698802107,0.9252354327740624,0.6794977348874475,0.8487066809581685,0.7745314647572362,0.8491826135237998,0.8122173167921068,0.5558685986722932,0.8587046857760459,0.8655003807572296,0.5983141298513666,0.6771150924952479
5.0,5.0,5.0,5.0,5.0,5.0,5.0,5.0,5.0,5.0,5.0,5.0,5.0,5.0,5.0,5.0,5.0,5.0,5.0,5.0,5.0,5.0,5.0,5.0,5.0,5.0,5.0,5.0,5.0,5.0,5.0,5.0,5.0,5.0,5.0,5.0,5.0,5.0,5.0,5.0
5.0,5.0,5.0,5.0,5.0,5.0,5.0,5.0,5.0,5.0,5.0,5.0,5.0,5.0,5.0,5.0,5.0,5.0,5.0,5.0,5.0,5.0,5.0,5.0,5.0,5.0,5.0,5.0,5.0,5.0,5.0,5.0,5.0,5.0,5.0,5.0,5.0,5.0,5.0,5.0
5.0,5.0,5.0,5.0,5.0,5.0,5.0,5.0,5.0,5.0,5.0,5.0,5.0,5.0,5.0,5.0,5.0,5.0,5.0,5.0,5.0,5.0,5.0,5.0,5.0,5.0,5.0,5.0,5.0,5.0,5.0,5.0,5.0,5.0,5.0,5.0,5.0,5.0,5.0,5.0
5.0,5.0,5.0,5.0,5.0,5.0,5.0,5.0,5.0,5.0,5.0,5.0,5.0,5.0,5.0,5.0,5.0,5.0,5.0,5.25,5.0,5.0,5.0,5.0,5.0,5.0,5.0,5.0,5.0,5.0,5.0,5.0,5.0,5.0,5.0,5.0,5.0,5.0,5.0,5.0
7.0,7.0,9.0,7.0,11.0,9.0,9.0,9.0,9.0,11.0,9.0,8.0,9.0,9.0,9.0,8.0,8.0,9.0,11.0,9.0,9.0,8.0,9.0,7.0,9.0,9.0,10.0,10.0,10.0,11.0,8.0,9.0,9.0,9.0,9.0,7.0,9.0,11.0,9.0,9.0
90.0,85.0,80.0,86.0,86.0,81.0,88.0,86.0,86.0,85.0,86.0,88.0,84.0,89.0,83.0,93.0,88.0,87.0,82.0,75.0,87.0,80.0,81.0,89.0,82.0,86.0,87.0,84.0,77.0,83.0,88.0,82.0,84.0,85.0,80.0,86.0,88.0,88.0,92.0,92.0
