,MOVE_COUNT,LAST_100_MOVES
count,1000.0,100.0
mean,13.188,6.38
std,35.22509706819079,0.8851182652246781
min,6.0,6.0
25%,6.0,6.0
50%,6.0,6.0
75%,8.0,6.0
max,436.0,10.0
no_min_moves,701.0,82.0
