,MOVE_COUNT,LAST_100_MOVES
count,1000.0,100.0
mean,19.051,6.41
std,47.971988813376406,0.8887057892227211
min,6.0,6.0
25%,6.0,6.0
50%,6.0,6.0
75%,8.0,6.0
max,433.0,10.0
no_min_moves,679.0,81.0
