,MOVE_COUNT,LAST_100_MOVES
count,1000.0,100.0
mean,9.866,5.25
std,21.783906504173732,0.7436600722307894
min,5.0,5.0
25%,5.0,5.0
50%,5.0,5.0
75%,6.0,5.0
max,245.0,9.0
no_min_moves,733.0,87.0
