,MOVE_COUNT,LAST_100_MOVES
count,1000.0,100.0
mean,8.705,5.35
std,23.419317655291312,0.8689364217539193
min,5.0,5.0
25%,5.0,5.0
50%,5.0,5.0
75%,6.0,5.0
max,500.0,9.0
no_min_moves,711.0,84.0
