,MOVE_COUNT,LAST_100_MOVES
count,1000.0,100.0
mean,9.284,5.38
std,25.745216257785838,0.8260897302498333
min,5.0,5.0
25%,5.0,5.0
50%,5.0,5.0
75%,6.0,5.0
max,500.0,9.0
no_min_moves,714.0,80.0
