,MOVE_COUNT,LAST_100_MOVES
count,1000.0,100.0
mean,11.947,5.23
std,30.066928862310014,0.6333333333333333
min,5.0,5.0
25%,5.0,5.0
50%,5.0,5.0
75%,7.0,5.0
max,353.0,7.0
no_min_moves,671.0,88.0
