pid=87,pid=63,pid=54,pid=74,pid=59,pid=79,pid=89,pid=84,pid=60,pid=77,pid=57,pid=56,pid=76,pid=88,pid=61,pid=85,pid=75,pid=55,pid=78,pid=58,pid=62,pid=86,pid=53,pid=73,pid=80,pid=64,pid=69,pid=70,pid=50,pid=83,pid=67,pid=66,pid=82,pid=51,pid=71,pid=65,pid=81,pid=68,pid=72,pid=52
100.0,100.0,100.0,100.0,100.0,100.0,100.0,100.0,100.0,100.0,100.0,100.0,100.0,100.0,100.0,100.0,100.0,100.0,100.0,100.0,100.0,100.0,100.0,100.0,100.0,100.0,100.0,100.0,100.0,100.0,100.0,100.0,100.0,100.0,100.0,100.0,100.0,100.0,100.0,100.0
5.33,5.21,5.3,5.86,5.43,5.3,5.31,5.26,5.39,5.33,5.18,5.28,5.31,5.43,5.23,5.36,5.39,5.36,5.35,5.37,5.35,5.18,5.19,5.43,5.25,5.33,5.51,5.39,5.29,5.4,5.23,5.31,5.13,5.54,5.35,5.34,5.22,5.23,5.35,5.39
0.8995509541943243,0.5910955416799719,0.7453559924999299,5.331476949649738,0.9017939472142864,0.7849596270902194,0.7874649262672022,0.6608840115842392,0.9199802369418794,0.7920692756152944,0.5752469825293228,0.7664690127296391,0.7745314647572362,0.94553709818304,0.6942039987778752,0.7852169487254186,0.8864296789692773,0.8706203523808743,0.8918825850158448,0.9282872247947676,0.7436600722307896,0.5574110428643038,0.6307763374436202,1.0274514906585934,0.6871842709362768,0.9107106782035334,0.8818598344843513,0.8977525248973662,0.756053015083044,0.9320337272260422,0.8391313449880263,0.8250497383231332,0.4416452253228886,0.9890307468333924,0.7961396760860395,0.8067893720848651,0.6289320754704404,0.6644660649838723,0.7961396760860395,0.941683427043121
5.0,5.0,5.0,5.0,5.0,5.0,5.0,5.0,5.0,5.0,5.0,5.0,5.0,5.0,5.0,5.0,5.0,5.0,5.0,5.0,5.0,5.0,5.0,5.0,5.0,5.0,5.0,5.0,5.0,5.0,5.0,5.0,5.0,5.0,5.0,5.0,5.0,5.0,5.0,5.0
5.0,5.0,5.0,5.0,5.0,5.0,5.0,5.0,5.0,5.0,5.0,5.0,5.0,5.0,5.0,5.0,5.0,5.0,5.0,5.0,5.0,5.0,5.0,5.0,5.0,5.0,5.0,5.0,5.0,5.0,5.0,5.0,5.0,5.0,5.0,5.0,5.0,5.0,5.0,5.0
5.0,5.0,5.0,5.0,5.0,5.0,5.0,5.0,5.0,5.0,5.0,5.0,5.0,5.0,5.0,5.0,5.0,5.0,5.0,5.0,5.0,5.0,5.0,5.0,5.0,5.0,5.0,5.0,5.0,5.0,5.0,5.0,5.0,5.0,5.0,5.0,5.0,5.0,5.0,5.0
5.0,5.0,5.0,5.0,5.0,5.0,5.0,5.0,5.0,5.0,5.0,5.0,5.0,5.0,5.0,5.0,5.0,5.0,5.0,5.0,5.0,5.0,5.0,5.0,5.0,5.0,6.0,5.0,5.0,5.0,5.0,5.0,5.0,6.0,5.0,5.0,5.0,5.0,5.0,5.0
9.0,8.0,8.0,58.0,9.0,9.0,9.0,8.0,9.0,9.0,8.0,9.0,9.0,9.0,9.0,8.0,9.0,9.0,10.0,10.0,7.0,7.0,9.0,12.0,8.0,11.0,8.0,10.0,9.0,9.0,11.0,9.0,7.0,9.0,9.0,9.0,9.0,9.0,9.0,11.0
86.0,87.0,85.0,83.0,79.0,86.0,85.0,85.0,82.0,84.0,90.0,87.0,85.0,79.0,88.0,82.0,81.0,83.0,84.0,83.0,81.0,90.0,90.0,79.0,87.0,84.0,74.0,80.0,86.0,82.0,91.0,86.0,91.0,74.0,81.0,84.0,86.0,87.0,81.0,80.0
