,MOVE_COUNT,LAST_100_MOVES
count,1000.0,100.0
mean,16.787,6.23
std,33.407659341874016,0.7501514998500456
min,6.0,6.0
25%,6.0,6.0
50%,6.0,6.0
75%,8.0,6.0
max,271.0,11.0
no_min_moves,700.0,90.0
