,MOVE_COUNT,LAST_100_MOVES
count,1000.0,100.0
mean,11.329,6.4
std,25.43485189048072,0.9847319278346617
min,6.0,6.0
25%,6.0,6.0
50%,6.0,6.0
75%,8.0,6.0
max,325.0,10.0
no_min_moves,711.0,84.0
