,MOVE_COUNT,LAST_100_MOVES
count,1000.0,100.0
mean,11.939,6.39
std,25.219145193370142,0.8977525248973661
min,6.0,6.0
25%,6.0,6.0
50%,6.0,6.0
75%,8.0,6.0
max,330.0,10.0
no_min_moves,657.0,82.0
