,MOVE_COUNT,LAST_100_MOVES
count,1000.0,100.0
mean,18.868,6.52
std,40.355112577108635,1.0198039027185568
min,6.0,6.0
25%,6.0,6.0
50%,6.0,6.0
75%,8.0,6.0
max,358.0,10.0
no_min_moves,651.0,77.0
