pid=67,pid=83,pid=70,pid=50,pid=69,pid=64,pid=80,pid=53,pid=73,pid=72,pid=52,pid=68,pid=81,pid=65,pid=51,pid=71,pid=82,pid=66,pid=77,pid=57,pid=60,pid=84,pid=89,pid=59,pid=79,pid=54,pid=74,pid=63,pid=87,pid=86,pid=62,pid=78,pid=58,pid=75,pid=55,pid=85,pid=61,pid=88,pid=56,pid=76
100.0,100.0,100.0,100.0,100.0,100.0,100.0,100.0,100.0,100.0,100.0,100.0,100.0,100.0,100.0,100.0,100.0,100.0,100.0,100.0,100.0,100.0,100.0,100.0,100.0,100.0,100.0,100.0,100.0,100.0,100.0,100.0,100.0,100.0,100.0,100.0,100.0,100.0,100.0,100.0
6.47,6.43,6.38,7.42,6.37,6.57,6.42,6.42,6.45,6.5,6.44,6.31,6.44,6.32,6.44,6.54,6.48,6.34,6.3,7.1,6.28,6.35,6.38,6.25,6.37,6.36,6.47,6.35,484.13,6.38,6.52,6.57,6.29,7.46,6.73,6.55,6.74,6.3,6.51,6.39
1.0195562512656915,0.9975221827360558,0.9296463974234636,0.9339824582524192,0.991427906067452,1.2573420739437184,0.8430344421831593,0.9865765724632496,0.8453676505795953,1.0,0.9354953314429288,0.9067090007941976,0.9136451580058172,0.7638287395970013,1.0082488068753943,1.4935551783268908,0.9479376870796196,0.7550503361372738,0.7977240352174657,7.8167135102298655,0.7396422831820171,0.8572330399888264,0.8851182652246781,0.7159792333764037,1.0015644328406,0.7722458393307383,0.9261083995282452,0.94681816969503,60.51089809182135,0.7625051746802387,1.0198039027185568,1.1997895438346466,0.7148497051899098,0.9257265778671891,1.0811049342167849,1.2663077641455704,1.2028585481546392,0.810287391340663,0.989796428411908,0.9523495665824064
6.0,6.0,6.0,7.0,6.0,6.0,6.0,6.0,6.0,6.0,6.0,6.0,6.0,6.0,6.0,6.0,6.0,6.0,6.0,6.0,6.0,6.0,6.0,6.0,6.0,6.0,6.0,6.0,105.0,6.0,6.0,6.0,6.0,7.0,6.0,6.0,6.0,6.0,6.0,6.0
6.0,6.0,6.0,7.0,6.0,6.0,6.0,6.0,6.0,6.0,6.0,6.0,6.0,6.0,6.0,6.0,6.0,6.0,6.0,6.0,6.0,6.0,6.0,6.0,6.0,6.0,6.0,6.0,500.0,6.0,6.0,6.0,6.0,7.0,6.0,6.0,6.0,6.0,6.0,6.0
6.0,6.0,6.0,7.0,6.0,6.0,6.0,6.0,6.0,6.0,6.0,6.0,6.0,6.0,6.0,6.0,6.0,6.0,6.0,6.0,6.0,6.0,6.0,6.0,6.0,6.0,6.0,6.0,500.0,6.0,6.0,6.0,6.0,7.0,6.0,6.0,6.0,6.0,6.0,6.0
6.0,6.0,6.0,7.0,6.0,6.0,6.0,6.0,6.25,6.0,6.0,6.0,6.0,6.0,6.0,6.0,6.0,6.0,6.0,6.0,6.0,6.0,6.0,6.0,6.0,6.0,6.0,6.0,500.0,6.0,6.0,6.0,6.0,7.0,8.0,6.0,8.0,6.0,6.0,6.0
10.0,11.0,10.0,11.0,12.0,12.0,9.0,10.0,10.0,10.0,11.0,12.0,10.0,10.0,10.0,18.0,10.0,9.0,10.0,84.0,9.0,10.0,10.0,10.0,12.0,9.0,10.0,10.0,500.0,8.0,10.0,11.0,9.0,10.0,10.0,12.0,12.0,10.0,10.0,10.0
80.0,82.0,84.0,0.0,84.0,78.0,79.0,82.0,75.0,78.0,80.0,86.0,79.0,83.0,82.0,81.0,78.0,81.0,85.0,85.0,87.0,84.0,82.0,88.0,85.0,81.0,78.0,86.0,0.0,79.0,77.0,77.0,85.0,0.0,64.0,80.0,67.0,86.0,76.0,84.0
