,MOVE_COUNT,LAST_100_MOVES
count,1000.0,100.0
mean,11.13,5.28
std,30.673864868744303,0.7118052168020875
min,5.0,5.0
25%,5.0,5.0
50%,5.0,5.0
75%,7.0,5.0
max,500.0,9.0
no_min_moves,670.0,84.0
