,MOVE_COUNT,LAST_100_MOVES
count,1000.0,100.0
mean,8.807,5.32
std,17.96620537385498,0.7230686570639631
min,5.0,5.0
25%,5.0,5.0
50%,5.0,5.0
75%,7.0,5.0
max,296.0,7.0
no_min_moves,676.0,83.0
