pid=68,pid=65,pid=81,pid=52,pid=72,pid=66,pid=82,pid=71,pid=51,pid=50,pid=70,pid=83,pid=67,pid=73,pid=53,pid=69,pid=80,pid=64,pid=58,pid=78,pid=55,pid=75,pid=62,pid=86,pid=76,pid=56,pid=61,pid=85,pid=88,pid=84,pid=60,pid=89,pid=57,pid=77,pid=87,pid=63,pid=79,pid=59,pid=74,pid=54
100.0,100.0,100.0,100.0,100.0,100.0,100.0,100.0,100.0,100.0,100.0,100.0,100.0,100.0,100.0,100.0,100.0,100.0,100.0,100.0,100.0,100.0,100.0,100.0,100.0,100.0,100.0,100.0,100.0,100.0,100.0,100.0,100.0,100.0,100.0,100.0,100.0,100.0,100.0,100.0
5.36,5.29,5.17,5.17,5.31,5.43,5.38,5.24,5.24,5.36,5.31,5.44,5.29,5.39,5.28,5.24,5.28,5.19,5.4,5.36,5.27,5.26,5.34,5.3,5.18,5.31,5.34,5.42,5.35,5.37,5.37,5.43,5.32,5.3,5.24,5.3,5.45,5.39,5.3,5.42
0.9483638222717796,0.8680059581790573,0.6039432711335352,0.5514901759246617,0.7874649262672022,0.9239244361073928,0.9721370814090496,0.6834257143762642,0.6531972647421809,0.8935232724354963,0.6918720031095844,0.9880089150213254,0.6860073327640607,0.8027100562117272,0.6208498574168683,0.6684823758848748,0.7531750973530175,0.5448565745851719,0.8528028654224415,0.8105366721929964,0.7501514998500454,0.6608840115842392,0.831452422759794,0.810287391340663,0.5752469825293228,0.7063206700139031,0.7941706810925916,0.9339824582524194,0.9031370691409836,1.0215357818184116,0.9603766096293852,0.9017939472142864,0.7230686570639631,0.7316785737969477,0.6980492298346352,0.7587869106393282,1.07661084384791,0.9733312577810996,0.7719841941125454,0.8782443460183114
5.0,5.0,5.0,5.0,5.0,5.0,5.0,5.0,5.0,5.0,5.0,5.0,5.0,5.0,5.0,5.0,5.0,5.0,5.0,5.0,5.0,5.0,5.0,5.0,5.0,5.0,5.0,5.0,5.0,5.0,5.0,5.0,5.0,5.0,5.0,5.0,5.0,5.0,5.0,5.0
5.0,5.0,5.0,5.0,5.0,5.0,5.0,5.0,5.0,5.0,5.0,5.0,5.0,5.0,5.0,5.0,5.0,5.0,5.0,5.0,5.0,5.0,5.0,5.0,5.0,5.0,5.0,5.0,5.0,5.0,5.0,5.0,5.0,5.0,5.0,5.0,5.0,5.0,5.0,5.0
5.0,5.0,5.0,5.0,5.0,5.0,5.0,5.0,5.0,5.0,5.0,5.0,5.0,5.0,5.0,5.0,5.0,5.0,5.0,5.0,5.0,5.0,5.0,5.0,5.0,5.0,5.0,5.0,5.0,5.0,5.0,5.0,5.0,5.0,5.0,5.0,5.0,5.0,5.0,5.0
5.0,5.0,5.0,5.0,5.0,5.0,5.0,5.0,5.0,5.0,5.0,5.0,5.0,5.0,5.0,5.0,5.0,5.0,5.0,5.0,5.0,5.0,5.0,5.0,5.0,5.0,5.0,5.0,5.0,5.0,5.0,5.0,5.0,5.0,5.0,5.0,5.0,5.0,5.0,5.0
11.0,9.0,9.0,7.0,9.0,9.0,10.0,9.0,8.0,10.0,7.0,11.0,7.0,8.0,7.0,8.0,9.0,7.0,9.0,8.0,8.0,7.0,9.0,9.0,8.0,7.0,9.0,10.0,11.0,11.0,11.0,9.0,7.0,8.0,9.0,9.0,11.0,10.0,9.0,9.0
83.0,88.0,91.0,91.0,84.0,79.0,84.0,87.0,87.0,83.0,82.0,79.0,84.0,79.0,81.0,87.0,86.0,88.0,80.0,82.0,87.0,86.0,83.0,86.0,90.0,83.0,82.0,79.0,83.0,84.0,83.0,78.0,83.0,84.0,88.0,84.0,81.0,84.0,85.0,79.0
